ses,gdppc,yrseduc
73.3108139,985.5,1.919999957
72.97297668,1131,2.220000029
72.97297668,1223,2.720000029
76.6891861,1456,3.039999962
67.2297287,1548,4.869999886
72.29729462,2912,6.354800224
18.24324417,566.9031982,0.090000004
23.64864922,629.8064575,0.219999999
30.74324417,692.7096558,0.400000006
13.85135174,598.7999878,0.589999974
30.74324417,733.4000244,0.75
32.09459305,884.4000244,0.910000026
